value,command,name,timeStamp,asResponse,actuatorType,timeStampMillis,stateData,hasError,statusCode
35.0,1,HumidifierActuator,"2020-12-12 :06:28:24",false,2,0,"Commond on",,0
35.0,1,HumidifierActuator,"2020-12-12 :06:28:37",false,2,0,"Commond on",,0
35.0,1,HumidifierActuator,"2020-12-12 :06:28:40",false,2,0,"Commond on",,0
35.0,1,HumidifierActuator,"2020-12-12 :06:28:43",false,2,0,"Commond on",,0
35.0,1,HumidifierActuator,"2020-12-12 :06:28:46",false,2,0,"Commond on",,0
35.0,1,HumidifierActuator,"2020-12-12 :06:28:49",false,2,0,"Commond on",,0
35.0,1,HumidifierActuator,"2020-12-12 :06:28:54",false,2,0,"Commond on",,0
35.0,1,HumidifierActuator,"2020-12-12 :06:28:59",false,2,0,"Commond on",,0
35.0,1,HumidifierActuator,"2020-12-12 :06:29:04",false,2,0,"Commond on",,0
35.0,1,HumidifierActuator,"2020-12-12 :06:29:09",false,2,0,"Commond on",,0
35.0,1,HumidifierActuator,"2020-12-12 :06:29:14",false,2,0,"Commond on",,0
35.0,1,HumidifierActuator,"2020-12-12 :06:29:19",false,2,0,"Commond on",,0
35.0,1,HumidifierActuator,"2020-12-12 :06:29:24",false,2,0,"Commond on",,0
35.0,1,HumidifierActuator,"2020-12-12 :06:29:29",false,2,0,"Commond on",,0
35.0,1,HumidifierActuator,"2020-12-12 :06:29:34",false,2,0,"Commond on",,0
35.0,1,HumidifierActuator,"2020-12-12 :06:29:39",false,2,0,"Commond on",,0
35.0,1,HumidifierActuator,"2020-12-12 :06:29:44",false,2,0,"Commond on",,0
35.0,1,HumidifierActuator,"2020-12-12 :06:29:49",false,2,0,"Commond on",,0
35.0,1,HumidifierActuator,"2020-12-12 :06:29:54",false,2,0,"Commond on",,0
35.0,1,HumidifierActuator,"2020-12-12 :06:29:59",false,2,0,"Commond on",,0
35.0,1,HumidifierActuator,"2020-12-12 :06:30:04",false,2,0,"Commond on",,0
35.0,1,HumidifierActuator,"2020-12-12 :06:30:09",false,2,0,"Commond on",,0
35.0,1,HumidifierActuator,"2020-12-12 :06:30:14",false,2,0,"Commond on",,0
35.0,1,HumidifierActuator,"2020-12-12 :06:30:19",false,2,0,"Commond on",,0
35.0,1,HumidifierActuator,"2020-12-12 :06:30:24",false,2,0,"Commond on",,0
35.0,1,HumidifierActuator,"2020-12-12 :06:30:29",false,2,0,"Commond on",,0
35.0,1,HumidifierActuator,"2020-12-12 :06:30:34",false,2,0,"Commond on",,0
35.0,1,HumidifierActuator,"2020-12-12 :06:30:39",false,2,0,"Commond on",,0
35.0,1,HumidifierActuator,"2020-12-12 :06:30:44",false,2,0,"Commond on",,0
35.0,1,HumidifierActuator,"2020-12-12 :06:30:49",false,2,0,"Commond on",,0
35.0,1,HumidifierActuator,"2020-12-12 :06:30:54",false,2,0,"Commond on",,0
35.0,1,HumidifierActuator,"2020-12-12 :06:30:59",false,2,0,"Commond on",,0
35.0,1,HumidifierActuator,"2020-12-12 :06:31:04",false,2,0,"Commond on",,0
35.0,1,HumidifierActuator,"2020-12-12 :06:31:09",false,2,0,"Commond on",,0
35.0,1,HumidifierActuator,"2020-12-12 :06:31:14",false,2,0,"Commond on",,0
35.0,1,HumidifierActuator,"2020-12-12 :06:31:25",false,2,0,"Commond on",,0
35.0,1,HumidifierActuator,"2020-12-12 :06:31:28",false,2,0,"Commond on",,0
35.0,1,HumidifierActuator,"2020-12-12 :06:31:31",false,2,0,"Commond on",,0
35.0,1,HumidifierActuator,"2020-12-12 :06:31:34",false,2,0,"Commond on",,0
35.0,1,HumidifierActuator,"2020-12-12 :06:31:45",false,2,0,"Commond on",,0
35.0,1,HumidifierActuator,"2020-12-12 :06:31:48",false,2,0,"Commond on",,0
35.0,1,HumidifierActuator,"2020-12-12 :06:31:51",false,2,0,"Commond on",,0
35.0,1,HumidifierActuator,"2020-12-12 :06:31:54",false,2,0,"Commond on",,0
35.0,1,HumidifierActuator,"2020-12-12 :06:31:59",false,2,0,"Commond on",,0
35.0,1,HumidifierActuator,"2020-12-12 :06:32:04",false,2,0,"Commond on",,0
35.0,1,HumidifierActuator,"2020-12-12 :06:32:09",false,2,0,"Commond on",,0
35.0,1,HumidifierActuator,"2020-12-12 :06:32:14",false,2,0,"Commond on",,0
35.0,1,HumidifierActuator,"2020-12-12 :06:32:19",false,2,0,"Commond on",,0
35.0,0,HumidifierActuator,"2020-12-12 :06:32:24",false,2,0,"Commond off",,0
35.0,0,HumidifierActuator,"2020-12-12 :06:32:30",false,2,0,"Commond off",,0
35.0,1,HumidifierActuator,"2020-12-12 :06:32:34",false,2,0,"Commond on",,0
35.0,1,HumidifierActuator,"2020-12-12 :06:32:47",false,2,0,"Commond on",,0
35.0,1,HumidifierActuator,"2020-12-12 :06:32:50",false,2,0,"Commond on",,0
35.0,1,HumidifierActuator,"2020-12-12 :06:32:53",false,2,0,"Commond on",,0
35.0,1,HumidifierActuator,"2020-12-12 :06:32:56",false,2,0,"Commond on",,0
35.0,1,HumidifierActuator,"2020-12-12 :06:32:59",false,2,0,"Commond on",,0
35.0,1,HumidifierActuator,"2020-12-12 :06:33:04",false,2,0,"Commond on",,0
35.0,1,HumidifierActuator,"2020-12-12 :06:33:09",false,2,0,"Commond on",,0
35.0,1,HumidifierActuator,"2020-12-12 :06:33:14",false,2,0,"Commond on",,0
35.0,1,HumidifierActuator,"2020-12-12 :06:33:19",false,2,0,"Commond on",,0
35.0,1,HumidifierActuator,"2020-12-12 :06:33:24",false,2,0,"Commond on",,0
35.0,1,HumidifierActuator,"2020-12-12 :06:33:29",false,2,0,"Commond on",,0
35.0,1,HumidifierActuator,"2020-12-12 :06:33:34",false,2,0,"Commond on",,0
35.0,1,HumidifierActuator,"2020-12-12 :06:33:39",false,2,0,"Commond on",,0
35.0,1,HumidifierActuator,"2020-12-12 :06:33:44",false,2,0,"Commond on",,0
35.0,1,HumidifierActuator,"2020-12-12 :06:33:49",false,2,0,"Commond on",,0
35.0,1,HumidifierActuator,"2020-12-12 :06:33:54",false,2,0,"Commond on",,0
35.0,1,HumidifierActuator,"2020-12-12 :06:33:59",false,2,0,"Commond on",,0
35.0,1,HumidifierActuator,"2020-12-12 :06:34:04",false,2,0,"Commond on",,0
35.0,1,HumidifierActuator,"2020-12-12 :06:34:09",false,2,0,"Commond on",,0
35.0,1,HumidifierActuator,"2020-12-12 :06:34:14",false,2,0,"Commond on",,0
35.0,1,HumidifierActuator,"2020-12-12 :06:34:19",false,2,0,"Commond on",,0
35.0,1,HumidifierActuator,"2020-12-12 :06:34:24",false,2,0,"Commond on",,0
35.0,1,HumidifierActuator,"2020-12-12 :06:34:29",false,2,0,"Commond on",,0
35.0,1,HumidifierActuator,"2020-12-12 :06:34:34",false,2,0,"Commond on",,0
35.0,1,HumidifierActuator,"2020-12-12 :06:34:39",false,2,0,"Commond on",,0
35.0,1,HumidifierActuator,"2020-12-12 :06:34:44",false,2,0,"Commond on",,0
35.0,1,HumidifierActuator,"2020-12-12 :06:34:49",false,2,0,"Commond on",,0
35.0,1,HumidifierActuator,"2020-12-12 :06:34:54",false,2,0,"Commond on",,0
35.0,1,HumidifierActuator,"2020-12-12 :06:34:59",false,2,0,"Commond on",,0
35.0,1,HumidifierActuator,"2020-12-12 :06:35:04",false,2,0,"Commond on",,0
35.0,1,HumidifierActuator,"2020-12-12 :06:35:09",false,2,0,"Commond on",,0
35.0,1,HumidifierActuator,"2020-12-12 :06:35:14",false,2,0,"Commond on",,0
35.0,1,HumidifierActuator,"2020-12-12 :06:35:19",false,2,0,"Commond on",,0
35.0,1,HumidifierActuator,"2020-12-12 :06:35:24",false,2,0,"Commond on",,0
35.0,1,HumidifierActuator,"2020-12-12 :06:35:29",false,2,0,"Commond on",,0
35.0,1,HumidifierActuator,"2020-12-12 :06:35:34",false,2,0,"Commond on",,0
35.0,1,HumidifierActuator,"2020-12-12 :06:35:39",false,2,0,"Commond on",,0
35.0,1,HumidifierActuator,"2020-12-12 :06:35:44",false,2,0,"Commond on",,0
35.0,1,HumidifierActuator,"2020-12-12 :06:35:49",false,2,0,"Commond on",,0
35.0,1,HumidifierActuator,"2020-12-12 :06:35:54",false,2,0,"Commond on",,0
35.0,1,HumidifierActuator,"2020-12-12 :06:35:59",false,2,0,"Commond on",,0
35.0,1,HumidifierActuator,"2020-12-12 :06:36:04",false,2,0,"Commond on",,0
35.0,1,HumidifierActuator,"2020-12-12 :06:36:09",false,2,0,"Commond on",,0
35.0,1,HumidifierActuator,"2020-12-12 :06:36:14",false,2,0,"Commond on",,0
35.0,1,HumidifierActuator,"2020-12-12 :06:36:19",false,2,0,"Commond on",,0
35.0,1,HumidifierActuator,"2020-12-12 :06:36:24",false,2,0,"Commond on",,0
35.0,1,HumidifierActuator,"2020-12-12 :06:36:29",false,2,0,"Commond on",,0
35.0,1,HumidifierActuator,"2020-12-12 :06:36:34",false,2,0,"Commond on",,0
35.0,1,HumidifierActuator,"2020-12-12 :06:36:39",false,2,0,"Commond on",,0
35.0,1,HumidifierActuator,"2020-12-12 :06:36:44",false,2,0,"Commond on",,0
35.0,1,HumidifierActuator,"2020-12-12 :06:36:49",false,2,0,"Commond on",,0
35.0,1,HumidifierActuator,"2020-12-12 :06:36:54",false,2,0,"Commond on",,0
35.0,1,HumidifierActuator,"2020-12-12 :06:36:59",false,2,0,"Commond on",,0
35.0,1,HumidifierActuator,"2020-12-12 :06:37:04",false,2,0,"Commond on",,0
35.0,1,HumidifierActuator,"2020-12-12 :06:37:09",false,2,0,"Commond on",,0
35.0,1,HumidifierActuator,"2020-12-12 :06:37:14",false,2,0,"Commond on",,0
35.0,1,HumidifierActuator,"2020-12-12 :06:37:19",false,2,0,"Commond on",,0
35.0,1,HumidifierActuator,"2020-12-12 :06:37:24",false,2,0,"Commond on",,0
35.0,1,HumidifierActuator,"2020-12-12 :06:37:29",false,2,0,"Commond on",,0
35.0,1,HumidifierActuator,"2020-12-12 :06:37:34",false,2,0,"Commond on",,0
35.0,1,HumidifierActuator,"2020-12-12 :06:37:39",false,2,0,"Commond on",,0
35.0,1,HumidifierActuator,"2020-12-12 :06:37:44",false,2,0,"Commond on",,0
35.0,1,HumidifierActuator,"2020-12-12 :06:37:49",false,2,0,"Commond on",,0
35.0,1,HumidifierActuator,"2020-12-12 :06:37:54",false,2,0,"Commond on",,0
35.0,1,HumidifierActuator,"2020-12-12 :06:37:59",false,2,0,"Commond on",,0
35.0,1,HumidifierActuator,"2020-12-12 :06:38:04",false,2,0,"Commond on",,0
35.0,1,HumidifierActuator,"2020-12-12 :06:38:09",false,2,0,"Commond on",,0
35.0,1,HumidifierActuator,"2020-12-12 :06:38:14",false,2,0,"Commond on",,0
35.0,1,HumidifierActuator,"2020-12-12 :06:38:19",false,2,0,"Commond on",,0
35.0,1,HumidifierActuator,"2020-12-12 :06:38:24",false,2,0,"Commond on",,0
35.0,1,HumidifierActuator,"2020-12-12 :06:38:29",false,2,0,"Commond on",,0
35.0,1,HumidifierActuator,"2020-12-12 :06:38:34",false,2,0,"Commond on",,0
35.0,1,HumidifierActuator,"2020-12-12 :06:38:39",false,2,0,"Commond on",,0
35.0,1,HumidifierActuator,"2020-12-12 :06:38:44",false,2,0,"Commond on",,0
35.0,1,HumidifierActuator,"2020-12-12 :06:38:49",false,2,0,"Commond on",,0
35.0,1,HumidifierActuator,"2020-12-12 :06:38:54",false,2,0,"Commond on",,0
35.0,1,HumidifierActuator,"2020-12-12 :06:38:59",false,2,0,"Commond on",,0
35.0,1,HumidifierActuator,"2020-12-12 :06:39:04",false,2,0,"Commond on",,0
35.0,1,HumidifierActuator,"2020-12-12 :06:39:09",false,2,0,"Commond on",,0
35.0,1,HumidifierActuator,"2020-12-12 :06:39:14",false,2,0,"Commond on",,0
35.0,1,HumidifierActuator,"2020-12-12 :06:39:19",false,2,0,"Commond on",,0
35.0,1,HumidifierActuator,"2020-12-12 :06:39:24",false,2,0,"Commond on",,0
35.0,1,HumidifierActuator,"2020-12-12 :06:39:29",false,2,0,"Commond on",,0
35.0,1,HumidifierActuator,"2020-12-12 :06:39:34",false,2,0,"Commond on",,0
35.0,1,HumidifierActuator,"2020-12-12 :06:39:39",false,2,0,"Commond on",,0
35.0,1,HumidifierActuator,"2020-12-12 :06:39:44",false,2,0,"Commond on",,0
35.0,1,HumidifierActuator,"2020-12-12 :06:39:49",false,2,0,"Commond on",,0
35.0,1,HumidifierActuator,"2020-12-12 :06:39:54",false,2,0,"Commond on",,0
35.0,1,HumidifierActuator,"2020-12-12 :06:39:59",false,2,0,"Commond on",,0
35.0,1,HumidifierActuator,"2020-12-12 :06:40:04",false,2,0,"Commond on",,0
35.0,1,HumidifierActuator,"2020-12-12 :06:40:09",false,2,0,"Commond on",,0
35.0,1,HumidifierActuator,"2020-12-12 :06:40:14",false,2,0,"Commond on",,0
35.0,1,HumidifierActuator,"2020-12-12 :06:40:19",false,2,0,"Commond on",,0
35.0,1,HumidifierActuator,"2020-12-12 :06:40:24",false,2,0,"Commond on",,0
35.0,1,HumidifierActuator,"2020-12-12 :06:40:29",false,2,0,"Commond on",,0
35.0,1,HumidifierActuator,"2020-12-12 :06:40:34",false,2,0,"Commond on",,0
35.0,1,HumidifierActuator,"2020-12-12 :06:40:39",false,2,0,"Commond on",,0
35.0,1,HumidifierActuator,"2020-12-12 :06:40:44",false,2,0,"Commond on",,0
35.0,1,HumidifierActuator,"2020-12-12 :06:40:49",false,2,0,"Commond on",,0
35.0,1,HumidifierActuator,"2020-12-12 :06:40:54",false,2,0,"Commond on",,0
35.0,1,HumidifierActuator,"2020-12-12 :06:40:59",false,2,0,"Commond on",,0
35.0,1,HumidifierActuator,"2020-12-12 :06:41:04",false,2,0,"Commond on",,0
35.0,1,HumidifierActuator,"2020-12-12 :06:41:09",false,2,0,"Commond on",,0
35.0,1,HumidifierActuator,"2020-12-12 :06:41:14",false,2,0,"Commond on",,0
35.0,1,HumidifierActuator,"2020-12-12 :06:41:19",false,2,0,"Commond on",,0
35.0,1,HumidifierActuator,"2020-12-12 :06:41:24",false,2,0,"Commond on",,0
35.0,1,HumidifierActuator,"2020-12-12 :06:41:29",false,2,0,"Commond on",,0
35.0,1,HumidifierActuator,"2020-12-12 :06:41:34",false,2,0,"Commond on",,0
35.0,1,HumidifierActuator,"2020-12-12 :06:41:39",false,2,0,"Commond on",,0
35.0,1,HumidifierActuator,"2020-12-12 :06:41:44",false,2,0,"Commond on",,0
35.0,1,HumidifierActuator,"2020-12-12 :06:41:49",false,2,0,"Commond on",,0
35.0,1,HumidifierActuator,"2020-12-12 :06:41:54",false,2,0,"Commond on",,0
35.0,1,HumidifierActuator,"2020-12-12 :06:41:59",false,2,0,"Commond on",,0
35.0,1,HumidifierActuator,"2020-12-12 :06:42:04",false,2,0,"Commond on",,0
35.0,1,HumidifierActuator,"2020-12-12 :06:42:09",false,2,0,"Commond on",,0
35.0,1,HumidifierActuator,"2020-12-12 :06:42:14",false,2,0,"Commond on",,0
35.0,1,HumidifierActuator,"2020-12-12 :06:42:19",false,2,0,"Commond on",,0
35.0,1,HumidifierActuator,"2020-12-12 :06:42:24",false,2,0,"Commond on",,0
35.0,1,HumidifierActuator,"2020-12-12 :06:42:29",false,2,0,"Commond on",,0
35.0,1,HumidifierActuator,"2020-12-12 :06:42:34",false,2,0,"Commond on",,0
35.0,1,HumidifierActuator,"2020-12-12 :06:42:39",false,2,0,"Commond on",,0
35.0,1,HumidifierActuator,"2020-12-12 :06:42:44",false,2,0,"Commond on",,0
35.0,1,HumidifierActuator,"2020-12-12 :06:42:49",false,2,0,"Commond on",,0
35.0,1,HumidifierActuator,"2020-12-12 :06:42:54",false,2,0,"Commond on",,0
35.0,1,HumidifierActuator,"2020-12-12 :06:42:59",false,2,0,"Commond on",,0
35.0,1,HumidifierActuator,"2020-12-12 :06:43:04",false,2,0,"Commond on",,0
35.0,1,HumidifierActuator,"2020-12-12 :06:43:09",false,2,0,"Commond on",,0
35.0,1,HumidifierActuator,"2020-12-12 :06:43:14",false,2,0,"Commond on",,0
35.0,1,HumidifierActuator,"2020-12-12 :06:43:19",false,2,0,"Commond on",,0
35.0,1,HumidifierActuator,"2020-12-12 :06:43:24",false,2,0,"Commond on",,0
35.0,1,HumidifierActuator,"2020-12-12 :06:43:29",false,2,0,"Commond on",,0
35.0,1,HumidifierActuator,"2020-12-12 :06:43:34",false,2,0,"Commond on",,0
35.0,1,HumidifierActuator,"2020-12-12 :06:43:39",false,2,0,"Commond on",,0
35.0,1,HumidifierActuator,"2020-12-12 :06:43:44",false,2,0,"Commond on",,0
35.0,1,HumidifierActuator,"2020-12-12 :06:43:49",false,2,0,"Commond on",,0
35.0,1,HumidifierActuator,"2020-12-12 :06:43:54",false,2,0,"Commond on",,0
35.0,1,HumidifierActuator,"2020-12-12 :06:43:59",false,2,0,"Commond on",,0
35.0,1,HumidifierActuator,"2020-12-12 :06:44:04",false,2,0,"Commond on",,0
35.0,1,HumidifierActuator,"2020-12-12 :06:44:09",false,2,0,"Commond on",,0
35.0,1,HumidifierActuator,"2020-12-12 :06:44:14",false,2,0,"Commond on",,0
35.0,1,HumidifierActuator,"2020-12-12 :06:44:19",false,2,0,"Commond on",,0
35.0,1,HumidifierActuator,"2020-12-12 :06:44:24",false,2,0,"Commond on",,0
35.0,1,HumidifierActuator,"2020-12-12 :06:44:29",false,2,0,"Commond on",,0
35.0,1,HumidifierActuator,"2020-12-12 :06:44:34",false,2,0,"Commond on",,0
35.0,1,HumidifierActuator,"2020-12-12 :06:44:39",false,2,0,"Commond on",,0
35.0,1,HumidifierActuator,"2020-12-12 :06:44:44",false,2,0,"Commond on",,0
35.0,1,HumidifierActuator,"2020-12-12 :06:44:49",false,2,0,"Commond on",,0
35.0,1,HumidifierActuator,"2020-12-12 :06:44:54",false,2,0,"Commond on",,0
35.0,1,HumidifierActuator,"2020-12-12 :06:44:59",false,2,0,"Commond on",,0
35.0,1,HumidifierActuator,"2020-12-12 :06:45:04",false,2,0,"Commond on",,0
35.0,1,HumidifierActuator,"2020-12-12 :06:45:09",false,2,0,"Commond on",,0
35.0,1,HumidifierActuator,"2020-12-12 :06:45:14",false,2,0,"Commond on",,0
35.0,1,HumidifierActuator,"2020-12-12 :06:45:19",false,2,0,"Commond on",,0
35.0,1,HumidifierActuator,"2020-12-12 :06:45:24",false,2,0,"Commond on",,0
35.0,1,HumidifierActuator,"2020-12-12 :06:45:29",false,2,0,"Commond on",,0
35.0,1,HumidifierActuator,"2020-12-12 :06:45:34",false,2,0,"Commond on",,0
35.0,1,HumidifierActuator,"2020-12-12 :06:45:39",false,2,0,"Commond on",,0
35.0,1,HumidifierActuator,"2020-12-12 :06:45:44",false,2,0,"Commond on",,0
35.0,1,HumidifierActuator,"2020-12-12 :06:45:49",false,2,0,"Commond on",,0
35.0,1,HumidifierActuator,"2020-12-12 :06:45:54",false,2,0,"Commond on",,0
35.0,1,HumidifierActuator,"2020-12-12 :06:45:59",false,2,0,"Commond on",,0
35.0,1,HumidifierActuator,"2020-12-12 :06:46:04",false,2,0,"Commond on",,0
35.0,1,HumidifierActuator,"2020-12-12 :06:46:09",false,2,0,"Commond on",,0
35.0,1,HumidifierActuator,"2020-12-12 :06:46:14",false,2,0,"Commond on",,0
35.0,1,HumidifierActuator,"2020-12-12 :06:46:19",false,2,0,"Commond on",,0
35.0,1,HumidifierActuator,"2020-12-12 :06:46:24",false,2,0,"Commond on",,0
35.0,1,HumidifierActuator,"2020-12-12 :06:46:29",false,2,0,"Commond on",,0
35.0,1,HumidifierActuator,"2020-12-12 :06:46:34",false,2,0,"Commond on",,0
35.0,1,HumidifierActuator,"2020-12-12 :06:46:39",false,2,0,"Commond on",,0
35.0,1,HumidifierActuator,"2020-12-12 :06:46:44",false,2,0,"Commond on",,0
35.0,1,HumidifierActuator,"2020-12-12 :06:46:49",false,2,0,"Commond on",,0
35.0,1,HumidifierActuator,"2020-12-12 :06:46:54",false,2,0,"Commond on",,0
35.0,1,HumidifierActuator,"2020-12-12 :06:46:59",false,2,0,"Commond on",,0
35.0,1,HumidifierActuator,"2020-12-12 :06:47:04",false,2,0,"Commond on",,0
35.0,1,HumidifierActuator,"2020-12-12 :06:47:09",false,2,0,"Commond on",,0
35.0,1,HumidifierActuator,"2020-12-12 :06:47:14",false,2,0,"Commond on",,0
35.0,1,HumidifierActuator,"2020-12-12 :06:47:19",false,2,0,"Commond on",,0
35.0,1,HumidifierActuator,"2020-12-12 :06:47:24",false,2,0,"Commond on",,0
35.0,1,HumidifierActuator,"2020-12-12 :06:47:29",false,2,0,"Commond on",,0
35.0,1,HumidifierActuator,"2020-12-12 :06:47:34",false,2,0,"Commond on",,0
35.0,1,HumidifierActuator,"2020-12-12 :06:47:39",false,2,0,"Commond on",,0
35.0,1,HumidifierActuator,"2020-12-12 :06:47:44",false,2,0,"Commond on",,0
35.0,1,HumidifierActuator,"2020-12-12 :06:47:49",false,2,0,"Commond on",,0
35.0,1,HumidifierActuator,"2020-12-12 :06:47:54",false,2,0,"Commond on",,0
35.0,1,HumidifierActuator,"2020-12-12 :06:47:59",false,2,0,"Commond on",,0
35.0,1,HumidifierActuator,"2020-12-12 :06:48:04",false,2,0,"Commond on",,0
35.0,1,HumidifierActuator,"2020-12-12 :06:48:09",false,2,0,"Commond on",,0
35.0,1,HumidifierActuator,"2020-12-12 :06:48:14",false,2,0,"Commond on",,0
35.0,1,HumidifierActuator,"2020-12-12 :06:48:19",false,2,0,"Commond on",,0
35.0,1,HumidifierActuator,"2020-12-12 :06:48:24",false,2,0,"Commond on",,0
35.0,1,HumidifierActuator,"2020-12-12 :06:48:29",false,2,0,"Commond on",,0
35.0,1,HumidifierActuator,"2020-12-12 :06:48:34",false,2,0,"Commond on",,0
35.0,1,HumidifierActuator,"2020-12-12 :06:48:39",false,2,0,"Commond on",,0
35.0,1,HumidifierActuator,"2020-12-12 :06:48:44",false,2,0,"Commond on",,0
35.0,1,HumidifierActuator,"2020-12-12 :06:48:49",false,2,0,"Commond on",,0
35.0,1,HumidifierActuator,"2020-12-12 :06:48:54",false,2,0,"Commond on",,0
35.0,1,HumidifierActuator,"2020-12-12 :06:48:59",false,2,0,"Commond on",,0
35.0,1,HumidifierActuator,"2020-12-12 :06:49:04",false,2,0,"Commond on",,0
35.0,1,HumidifierActuator,"2020-12-12 :06:49:09",false,2,0,"Commond on",,0
35.0,1,HumidifierActuator,"2020-12-12 :06:49:14",false,2,0,"Commond on",,0
35.0,1,HumidifierActuator,"2020-12-12 :06:49:19",false,2,0,"Commond on",,0
35.0,1,HumidifierActuator,"2020-12-12 :06:49:24",false,2,0,"Commond on",,0
35.0,1,HumidifierActuator,"2020-12-12 :06:49:29",false,2,0,"Commond on",,0
35.0,1,HumidifierActuator,"2020-12-12 :06:49:34",false,2,0,"Commond on",,0
35.0,1,HumidifierActuator,"2020-12-12 :06:49:39",false,2,0,"Commond on",,0
35.0,1,HumidifierActuator,"2020-12-12 :06:49:44",false,2,0,"Commond on",,0
35.0,1,HumidifierActuator,"2020-12-12 :06:49:49",false,2,0,"Commond on",,0
35.0,1,HumidifierActuator,"2020-12-12 :06:49:54",false,2,0,"Commond on",,0
35.0,1,HumidifierActuator,"2020-12-12 :06:49:59",false,2,0,"Commond on",,0
35.0,1,HumidifierActuator,"2020-12-12 :06:50:04",false,2,0,"Commond on",,0
35.0,1,HumidifierActuator,"2020-12-12 :06:50:09",false,2,0,"Commond on",,0
35.0,1,HumidifierActuator,"2020-12-12 :06:50:14",false,2,0,"Commond on",,0
35.0,1,HumidifierActuator,"2020-12-12 :06:50:19",false,2,0,"Commond on",,0
35.0,1,HumidifierActuator,"2020-12-12 :06:50:24",false,2,0,"Commond on",,0
35.0,1,HumidifierActuator,"2020-12-12 :06:50:29",false,2,0,"Commond on",,0
35.0,1,HumidifierActuator,"2020-12-12 :06:50:34",false,2,0,"Commond on",,0
35.0,1,HumidifierActuator,"2020-12-12 :06:50:39",false,2,0,"Commond on",,0
35.0,1,HumidifierActuator,"2020-12-12 :06:50:44",false,2,0,"Commond on",,0
35.0,1,HumidifierActuator,"2020-12-12 :06:50:49",false,2,0,"Commond on",,0
35.0,1,HumidifierActuator,"2020-12-12 :06:50:54",false,2,0,"Commond on",,0
35.0,1,HumidifierActuator,"2020-12-12 :06:50:59",false,2,0,"Commond on",,0
35.0,1,HumidifierActuator,"2020-12-12 :06:51:04",false,2,0,"Commond on",,0
35.0,1,HumidifierActuator,"2020-12-12 :06:51:09",false,2,0,"Commond on",,0
35.0,1,HumidifierActuator,"2020-12-12 :06:51:14",false,2,0,"Commond on",,0
35.0,1,HumidifierActuator,"2020-12-12 :06:51:19",false,2,0,"Commond on",,0
35.0,1,HumidifierActuator,"2020-12-12 :06:51:24",false,2,0,"Commond on",,0
35.0,1,HumidifierActuator,"2020-12-12 :06:51:29",false,2,0,"Commond on",,0
35.0,1,HumidifierActuator,"2020-12-12 :06:51:34",false,2,0,"Commond on",,0
35.0,1,HumidifierActuator,"2020-12-12 :06:51:39",false,2,0,"Commond on",,0
35.0,1,HumidifierActuator,"2020-12-12 :06:51:44",false,2,0,"Commond on",,0
35.0,1,HumidifierActuator,"2020-12-12 :06:51:49",false,2,0,"Commond on",,0
35.0,1,HumidifierActuator,"2020-12-12 :06:51:54",false,2,0,"Commond on",,0
35.0,1,HumidifierActuator,"2020-12-12 :06:51:59",false,2,0,"Commond on",,0
35.0,1,HumidifierActuator,"2020-12-12 :06:52:04",false,2,0,"Commond on",,0
35.0,1,HumidifierActuator,"2020-12-12 :06:52:09",false,2,0,"Commond on",,0
35.0,1,HumidifierActuator,"2020-12-12 :06:52:14",false,2,0,"Commond on",,0
35.0,1,HumidifierActuator,"2020-12-12 :06:52:19",false,2,0,"Commond on",,0
35.0,1,HumidifierActuator,"2020-12-12 :06:52:24",false,2,0,"Commond on",,0
35.0,1,HumidifierActuator,"2020-12-12 :06:52:29",false,2,0,"Commond on",,0
35.0,1,HumidifierActuator,"2020-12-12 :06:52:34",false,2,0,"Commond on",,0
35.0,1,HumidifierActuator,"2020-12-12 :06:52:39",false,2,0,"Commond on",,0
35.0,1,HumidifierActuator,"2020-12-12 :06:52:44",false,2,0,"Commond on",,0
35.0,1,HumidifierActuator,"2020-12-12 :06:52:49",false,2,0,"Commond on",,0
35.0,1,HumidifierActuator,"2020-12-12 :06:52:54",false,2,0,"Commond on",,0
35.0,1,HumidifierActuator,"2020-12-12 :06:52:59",false,2,0,"Commond on",,0
35.0,1,HumidifierActuator,"2020-12-12 :06:53:04",false,2,0,"Commond on",,0
35.0,1,HumidifierActuator,"2020-12-12 :06:53:09",false,2,0,"Commond on",,0
35.0,1,HumidifierActuator,"2020-12-12 :06:53:14",false,2,0,"Commond on",,0
35.0,1,HumidifierActuator,"2020-12-12 :06:53:19",false,2,0,"Commond on",,0
35.0,1,HumidifierActuator,"2020-12-12 :06:53:24",false,2,0,"Commond on",,0
35.0,1,HumidifierActuator,"2020-12-12 :06:53:29",false,2,0,"Commond on",,0
35.0,1,HumidifierActuator,"2020-12-12 :06:53:34",false,2,0,"Commond on",,0
35.0,1,HumidifierActuator,"2020-12-12 :06:53:39",false,2,0,"Commond on",,0
35.0,1,HumidifierActuator,"2020-12-12 :06:53:44",false,2,0,"Commond on",,0
35.0,1,HumidifierActuator,"2020-12-12 :06:53:49",false,2,0,"Commond on",,0
35.0,1,HumidifierActuator,"2020-12-12 :06:53:54",false,2,0,"Commond on",,0
35.0,1,HumidifierActuator,"2020-12-12 :06:53:59",false,2,0,"Commond on",,0
35.0,1,HumidifierActuator,"2020-12-12 :06:54:04",false,2,0,"Commond on",,0
35.0,1,HumidifierActuator,"2020-12-12 :06:54:09",false,2,0,"Commond on",,0
35.0,1,HumidifierActuator,"2020-12-12 :06:54:14",false,2,0,"Commond on",,0
35.0,1,HumidifierActuator,"2020-12-12 :06:54:19",false,2,0,"Commond on",,0
35.0,1,HumidifierActuator,"2020-12-12 :06:54:24",false,2,0,"Commond on",,0
35.0,1,HumidifierActuator,"2020-12-12 :06:54:29",false,2,0,"Commond on",,0
35.0,1,HumidifierActuator,"2020-12-12 :06:54:34",false,2,0,"Commond on",,0
35.0,1,HumidifierActuator,"2020-12-12 :06:54:39",false,2,0,"Commond on",,0
35.0,1,HumidifierActuator,"2020-12-12 :06:54:44",false,2,0,"Commond on",,0
35.0,1,HumidifierActuator,"2020-12-12 :06:54:49",false,2,0,"Commond on",,0
35.0,1,HumidifierActuator,"2020-12-12 :06:54:54",false,2,0,"Commond on",,0
35.0,1,HumidifierActuator,"2020-12-12 :06:54:59",false,2,0,"Commond on",,0
35.0,1,HumidifierActuator,"2020-12-12 :06:55:04",false,2,0,"Commond on",,0
35.0,1,HumidifierActuator,"2020-12-12 :06:55:09",false,2,0,"Commond on",,0
35.0,1,HumidifierActuator,"2020-12-12 :06:55:14",false,2,0,"Commond on",,0
35.0,1,HumidifierActuator,"2020-12-12 :06:55:19",false,2,0,"Commond on",,0
35.0,1,HumidifierActuator,"2020-12-12 :06:55:24",false,2,0,"Commond on",,0
35.0,1,HumidifierActuator,"2020-12-12 :06:55:29",false,2,0,"Commond on",,0
35.0,1,HumidifierActuator,"2020-12-12 :06:55:34",false,2,0,"Commond on",,0
35.0,1,HumidifierActuator,"2020-12-12 :06:55:39",false,2,0,"Commond on",,0
35.0,1,HumidifierActuator,"2020-12-12 :06:55:44",false,2,0,"Commond on",,0
35.0,1,HumidifierActuator,"2020-12-12 :06:55:49",false,2,0,"Commond on",,0
35.0,1,HumidifierActuator,"2020-12-12 :06:55:54",false,2,0,"Commond on",,0
35.0,1,HumidifierActuator,"2020-12-12 :06:55:59",false,2,0,"Commond on",,0
35.0,1,HumidifierActuator,"2020-12-12 :06:56:04",false,2,0,"Commond on",,0
35.0,1,HumidifierActuator,"2020-12-12 :06:56:09",false,2,0,"Commond on",,0
35.0,1,HumidifierActuator,"2020-12-12 :06:56:14",false,2,0,"Commond on",,0
35.0,1,HumidifierActuator,"2020-12-12 :06:56:19",false,2,0,"Commond on",,0
35.0,1,HumidifierActuator,"2020-12-12 :06:56:24",false,2,0,"Commond on",,0
35.0,1,HumidifierActuator,"2020-12-12 :06:56:29",false,2,0,"Commond on",,0
35.0,1,HumidifierActuator,"2020-12-12 :06:56:34",false,2,0,"Commond on",,0
35.0,1,HumidifierActuator,"2020-12-12 :06:56:39",false,2,0,"Commond on",,0
35.0,1,HumidifierActuator,"2020-12-12 :06:56:44",false,2,0,"Commond on",,0
35.0,1,HumidifierActuator,"2020-12-12 :06:56:49",false,2,0,"Commond on",,0
35.0,1,HumidifierActuator,"2020-12-12 :06:56:54",false,2,0,"Commond on",,0
35.0,1,HumidifierActuator,"2020-12-12 :06:56:59",false,2,0,"Commond on",,0
35.0,1,HumidifierActuator,"2020-12-12 :06:57:04",false,2,0,"Commond on",,0
35.0,1,HumidifierActuator,"2020-12-12 :06:57:15",false,2,0,"Commond on",,0
35.0,1,HumidifierActuator,"2020-12-12 :06:57:19",false,2,0,"Commond on",,0
35.0,1,HumidifierActuator,"2020-12-12 :06:57:24",false,2,0,"Commond on",,0
35.0,1,HumidifierActuator,"2020-12-12 :06:57:29",false,2,0,"Commond on",,0
35.0,1,HumidifierActuator,"2020-12-12 :06:57:34",false,2,0,"Commond on",,0
35.0,1,HumidifierActuator,"2020-12-12 :06:57:39",false,2,0,"Commond on",,0
35.0,1,HumidifierActuator,"2020-12-12 :06:57:44",false,2,0,"Commond on",,0
35.0,1,HumidifierActuator,"2020-12-12 :06:57:49",false,2,0,"Commond on",,0
35.0,1,HumidifierActuator,"2020-12-12 :06:57:54",false,2,0,"Commond on",,0
35.0,1,HumidifierActuator,"2020-12-12 :06:57:59",false,2,0,"Commond on",,0
35.0,1,HumidifierActuator,"2020-12-12 :06:58:04",false,2,0,"Commond on",,0
35.0,1,HumidifierActuator,"2020-12-12 :06:58:49",false,2,0,"Commond on",,0
35.0,1,HumidifierActuator,"2020-12-12 :06:58:54",false,2,0,"Commond on",,0
35.0,1,HumidifierActuator,"2020-12-12 :06:58:59",false,2,0,"Commond on",,0
35.0,1,HumidifierActuator,"2020-12-12 :06:59:04",false,2,0,"Commond on",,0
35.0,1,HumidifierActuator,"2020-12-12 :06:59:09",false,2,0,"Commond on",,0
35.0,1,HumidifierActuator,"2020-12-12 :06:59:14",false,2,0,"Commond on",,0
35.0,1,HumidifierActuator,"2020-12-12 :06:59:19",false,2,0,"Commond on",,0
35.0,1,HumidifierActuator,"2020-12-12 :06:59:24",false,2,0,"Commond on",,0
35.0,1,HumidifierActuator,"2020-12-12 :06:59:29",false,2,0,"Commond on",,0
35.0,1,HumidifierActuator,"2020-12-12 :06:59:34",false,2,0,"Commond on",,0
35.0,1,HumidifierActuator,"2020-12-12 :06:59:39",false,2,0,"Commond on",,0
35.0,1,HumidifierActuator,"2020-12-12 :06:59:44",false,2,0,"Commond on",,0
35.0,1,HumidifierActuator,"2020-12-12 :06:59:49",false,2,0,"Commond on",,0
35.0,1,HumidifierActuator,"2020-12-12 :06:59:54",false,2,0,"Commond on",,0
35.0,1,HumidifierActuator,"2020-12-12 :06:59:59",false,2,0,"Commond on",,0
35.0,1,HumidifierActuator,"2020-12-12 :07:00:04",false,2,0,"Commond on",,0
35.0,1,HumidifierActuator,"2020-12-12 :07:00:09",false,2,0,"Commond on",,0
35.0,1,HumidifierActuator,"2020-12-12 :07:00:14",false,2,0,"Commond on",,0
35.0,1,HumidifierActuator,"2020-12-12 :07:00:19",false,2,0,"Commond on",,0
35.0,1,HumidifierActuator,"2020-12-12 :07:00:24",false,2,0,"Commond on",,0
35.0,1,HumidifierActuator,"2020-12-12 :07:00:29",false,2,0,"Commond on",,0
35.0,1,HumidifierActuator,"2020-12-12 :07:00:34",false,2,0,"Commond on",,0
35.0,1,HumidifierActuator,"2020-12-12 :07:00:39",false,2,0,"Commond on",,0
35.0,1,HumidifierActuator,"2020-12-12 :07:00:44",false,2,0,"Commond on",,0
35.0,1,HumidifierActuator,"2020-12-12 :07:00:49",false,2,0,"Commond on",,0
35.0,1,HumidifierActuator,"2020-12-12 :07:00:54",false,2,0,"Commond on",,0
35.0,1,HumidifierActuator,"2020-12-12 :07:00:59",false,2,0,"Commond on",,0
35.0,1,HumidifierActuator,"2020-12-12 :07:01:04",false,2,0,"Commond on",,0
35.0,1,HumidifierActuator,"2020-12-12 :07:01:09",false,2,0,"Commond on",,0
35.0,1,HumidifierActuator,"2020-12-12 :07:01:14",false,2,0,"Commond on",,0
35.0,1,HumidifierActuator,"2020-12-12 :07:01:19",false,2,0,"Commond on",,0
35.0,1,HumidifierActuator,"2020-12-12 :07:01:24",false,2,0,"Commond on",,0
35.0,1,HumidifierActuator,"2020-12-12 :07:01:29",false,2,0,"Commond on",,0
35.0,1,HumidifierActuator,"2020-12-12 :07:01:34",false,2,0,"Commond on",,0
35.0,1,HumidifierActuator,"2020-12-12 :07:01:39",false,2,0,"Commond on",,0
35.0,1,HumidifierActuator,"2020-12-12 :07:01:44",false,2,0,"Commond on",,0
35.0,1,HumidifierActuator,"2020-12-12 :07:01:49",false,2,0,"Commond on",,0
35.0,1,HumidifierActuator,"2020-12-12 :07:01:54",false,2,0,"Commond on",,0
35.0,1,HumidifierActuator,"2020-12-12 :07:01:59",false,2,0,"Commond on",,0
35.0,1,HumidifierActuator,"2020-12-12 :07:02:04",false,2,0,"Commond on",,0
35.0,1,HumidifierActuator,"2020-12-12 :07:02:09",false,2,0,"Commond on",,0
35.0,1,HumidifierActuator,"2020-12-12 :07:02:14",false,2,0,"Commond on",,0
35.0,1,HumidifierActuator,"2020-12-12 :07:02:19",false,2,0,"Commond on",,0
35.0,1,HumidifierActuator,"2020-12-12 :07:02:24",false,2,0,"Commond on",,0
35.0,1,HumidifierActuator,"2020-12-12 :07:02:29",false,2,0,"Commond on",,0
35.0,1,HumidifierActuator,"2020-12-12 :07:02:34",false,2,0,"Commond on",,0
35.0,1,HumidifierActuator,"2020-12-12 :07:02:39",false,2,0,"Commond on",,0
35.0,1,HumidifierActuator,"2020-12-12 :07:02:44",false,2,0,"Commond on",,0
35.0,1,HumidifierActuator,"2020-12-12 :07:02:49",false,2,0,"Commond on",,0
35.0,1,HumidifierActuator,"2020-12-12 :07:02:54",false,2,0,"Commond on",,0
35.0,1,HumidifierActuator,"2020-12-12 :07:02:59",false,2,0,"Commond on",,0
35.0,1,HumidifierActuator,"2020-12-12 :07:03:04",false,2,0,"Commond on",,0
35.0,1,HumidifierActuator,"2020-12-12 :07:03:09",false,2,0,"Commond on",,0
35.0,1,HumidifierActuator,"2020-12-12 :07:03:14",false,2,0,"Commond on",,0
35.0,1,HumidifierActuator,"2020-12-12 :07:03:19",false,2,0,"Commond on",,0
35.0,1,HumidifierActuator,"2020-12-12 :07:03:24",false,2,0,"Commond on",,0
35.0,1,HumidifierActuator,"2020-12-12 :07:03:29",false,2,0,"Commond on",,0
35.0,1,HumidifierActuator,"2020-12-12 :07:03:34",false,2,0,"Commond on",,0
35.0,1,HumidifierActuator,"2020-12-12 :07:03:39",false,2,0,"Commond on",,0
35.0,1,HumidifierActuator,"2020-12-12 :07:03:44",false,2,0,"Commond on",,0
35.0,1,HumidifierActuator,"2020-12-12 :07:03:49",false,2,0,"Commond on",,0
35.0,1,HumidifierActuator,"2020-12-12 :07:03:54",false,2,0,"Commond on",,0
35.0,1,HumidifierActuator,"2020-12-12 :07:03:59",false,2,0,"Commond on",,0
35.0,1,HumidifierActuator,"2020-12-12 :07:04:04",false,2,0,"Commond on",,0
35.0,1,HumidifierActuator,"2020-12-12 :07:04:09",false,2,0,"Commond on",,0
35.0,1,HumidifierActuator,"2020-12-12 :07:04:14",false,2,0,"Commond on",,0
35.0,1,HumidifierActuator,"2020-12-12 :07:04:19",false,2,0,"Commond on",,0
35.0,1,HumidifierActuator,"2020-12-12 :07:04:24",false,2,0,"Commond on",,0
35.0,1,HumidifierActuator,"2020-12-12 :07:04:29",false,2,0,"Commond on",,0
35.0,1,HumidifierActuator,"2020-12-12 :07:04:34",false,2,0,"Commond on",,0
35.0,1,HumidifierActuator,"2020-12-12 :07:04:39",false,2,0,"Commond on",,0
35.0,1,HumidifierActuator,"2020-12-12 :07:04:44",false,2,0,"Commond on",,0
35.0,1,HumidifierActuator,"2020-12-12 :07:04:49",false,2,0,"Commond on",,0
35.0,1,HumidifierActuator,"2020-12-12 :07:04:54",false,2,0,"Commond on",,0
35.0,1,HumidifierActuator,"2020-12-12 :07:04:59",false,2,0,"Commond on",,0
35.0,1,HumidifierActuator,"2020-12-12 :07:05:04",false,2,0,"Commond on",,0
35.0,1,HumidifierActuator,"2020-12-12 :07:05:09",false,2,0,"Commond on",,0
35.0,1,HumidifierActuator,"2020-12-12 :07:05:14",false,2,0,"Commond on",,0
35.0,1,HumidifierActuator,"2020-12-12 :07:05:19",false,2,0,"Commond on",,0
35.0,1,HumidifierActuator,"2020-12-12 :07:05:24",false,2,0,"Commond on",,0
35.0,1,HumidifierActuator,"2020-12-12 :07:05:29",false,2,0,"Commond on",,0
35.0,1,HumidifierActuator,"2020-12-12 :07:05:34",false,2,0,"Commond on",,0
35.0,1,HumidifierActuator,"2020-12-12 :07:05:39",false,2,0,"Commond on",,0
35.0,1,HumidifierActuator,"2020-12-12 :07:05:44",false,2,0,"Commond on",,0
35.0,1,HumidifierActuator,"2020-12-12 :07:05:49",false,2,0,"Commond on",,0
35.0,1,HumidifierActuator,"2020-12-12 :07:05:54",false,2,0,"Commond on",,0
35.0,1,HumidifierActuator,"2020-12-12 :07:05:59",false,2,0,"Commond on",,0
35.0,1,HumidifierActuator,"2020-12-12 :07:06:04",false,2,0,"Commond on",,0
35.0,1,HumidifierActuator,"2020-12-12 :07:06:09",false,2,0,"Commond on",,0
35.0,1,HumidifierActuator,"2020-12-12 :07:06:14",false,2,0,"Commond on",,0
35.0,1,HumidifierActuator,"2020-12-12 :07:06:19",false,2,0,"Commond on",,0
35.0,1,HumidifierActuator,"2020-12-12 :07:06:24",false,2,0,"Commond on",,0
35.0,1,HumidifierActuator,"2020-12-12 :07:06:29",false,2,0,"Commond on",,0
35.0,1,HumidifierActuator,"2020-12-12 :07:06:34",false,2,0,"Commond on",,0
35.0,1,HumidifierActuator,"2020-12-12 :07:06:39",false,2,0,"Commond on",,0
35.0,1,HumidifierActuator,"2020-12-12 :07:06:44",false,2,0,"Commond on",,0
35.0,1,HumidifierActuator,"2020-12-12 :07:06:49",false,2,0,"Commond on",,0
35.0,1,HumidifierActuator,"2020-12-12 :07:06:54",false,2,0,"Commond on",,0
35.0,1,HumidifierActuator,"2020-12-12 :07:06:59",false,2,0,"Commond on",,0
35.0,1,HumidifierActuator,"2020-12-12 :07:07:04",false,2,0,"Commond on",,0
35.0,1,HumidifierActuator,"2020-12-12 :07:07:09",false,2,0,"Commond on",,0
35.0,1,HumidifierActuator,"2020-12-12 :07:07:14",false,2,0,"Commond on",,0
35.0,1,HumidifierActuator,"2020-12-12 :07:07:19",false,2,0,"Commond on",,0
35.0,1,HumidifierActuator,"2020-12-12 :07:07:24",false,2,0,"Commond on",,0
35.0,1,HumidifierActuator,"2020-12-12 :07:07:29",false,2,0,"Commond on",,0
35.0,1,HumidifierActuator,"2020-12-12 :07:07:34",false,2,0,"Commond on",,0
35.0,1,HumidifierActuator,"2020-12-12 :07:07:39",false,2,0,"Commond on",,0
35.0,1,HumidifierActuator,"2020-12-12 :07:07:44",false,2,0,"Commond on",,0
35.0,1,HumidifierActuator,"2020-12-12 :07:07:49",false,2,0,"Commond on",,0
35.0,1,HumidifierActuator,"2020-12-12 :07:07:54",false,2,0,"Commond on",,0
35.0,1,HumidifierActuator,"2020-12-12 :07:07:59",false,2,0,"Commond on",,0
35.0,1,HumidifierActuator,"2020-12-12 :07:08:04",false,2,0,"Commond on",,0
35.0,1,HumidifierActuator,"2020-12-12 :07:08:09",false,2,0,"Commond on",,0
35.0,1,HumidifierActuator,"2020-12-12 :07:08:14",false,2,0,"Commond on",,0
35.0,1,HumidifierActuator,"2020-12-12 :07:08:19",false,2,0,"Commond on",,0
35.0,1,HumidifierActuator,"2020-12-12 :07:08:24",false,2,0,"Commond on",,0
35.0,1,HumidifierActuator,"2020-12-12 :07:08:29",false,2,0,"Commond on",,0
35.0,1,HumidifierActuator,"2020-12-12 :07:08:34",false,2,0,"Commond on",,0
35.0,1,HumidifierActuator,"2020-12-12 :07:08:39",false,2,0,"Commond on",,0
35.0,1,HumidifierActuator,"2020-12-12 :07:08:44",false,2,0,"Commond on",,0
35.0,1,HumidifierActuator,"2020-12-12 :07:08:49",false,2,0,"Commond on",,0
35.0,1,HumidifierActuator,"2020-12-12 :07:08:54",false,2,0,"Commond on",,0
35.0,1,HumidifierActuator,"2020-12-12 :07:08:59",false,2,0,"Commond on",,0
35.0,1,HumidifierActuator,"2020-12-12 :07:09:04",false,2,0,"Commond on",,0
35.0,1,HumidifierActuator,"2020-12-12 :07:09:09",false,2,0,"Commond on",,0
35.0,1,HumidifierActuator,"2020-12-12 :07:09:14",false,2,0,"Commond on",,0
35.0,1,HumidifierActuator,"2020-12-12 :07:09:19",false,2,0,"Commond on",,0
35.0,1,HumidifierActuator,"2020-12-12 :07:09:24",false,2,0,"Commond on",,0
35.0,1,HumidifierActuator,"2020-12-12 :07:09:29",false,2,0,"Commond on",,0
35.0,1,HumidifierActuator,"2020-12-12 :07:09:34",false,2,0,"Commond on",,0
35.0,1,HumidifierActuator,"2020-12-12 :07:09:39",false,2,0,"Commond on",,0
35.0,1,HumidifierActuator,"2020-12-12 :07:09:44",false,2,0,"Commond on",,0
35.0,1,HumidifierActuator,"2020-12-12 :07:09:49",false,2,0,"Commond on",,0
35.0,1,HumidifierActuator,"2020-12-12 :07:09:54",false,2,0,"Commond on",,0
35.0,1,HumidifierActuator,"2020-12-12 :07:09:59",false,2,0,"Commond on",,0
35.0,1,HumidifierActuator,"2020-12-12 :07:10:04",false,2,0,"Commond on",,0
35.0,1,HumidifierActuator,"2020-12-12 :07:10:09",false,2,0,"Commond on",,0
35.0,1,HumidifierActuator,"2020-12-12 :07:10:14",false,2,0,"Commond on",,0
35.0,1,HumidifierActuator,"2020-12-12 :07:10:19",false,2,0,"Commond on",,0
35.0,1,HumidifierActuator,"2020-12-12 :07:10:24",false,2,0,"Commond on",,0
35.0,1,HumidifierActuator,"2020-12-12 :07:10:29",false,2,0,"Commond on",,0
35.0,1,HumidifierActuator,"2020-12-12 :07:10:34",false,2,0,"Commond on",,0
35.0,1,HumidifierActuator,"2020-12-12 :07:10:39",false,2,0,"Commond on",,0
35.0,1,HumidifierActuator,"2020-12-12 :07:10:44",false,2,0,"Commond on",,0
35.0,1,HumidifierActuator,"2020-12-12 :07:10:49",false,2,0,"Commond on",,0
35.0,1,HumidifierActuator,"2020-12-12 :07:10:54",false,2,0,"Commond on",,0
35.0,1,HumidifierActuator,"2020-12-12 :07:10:59",false,2,0,"Commond on",,0
35.0,1,HumidifierActuator,"2020-12-12 :07:11:04",false,2,0,"Commond on",,0
35.0,1,HumidifierActuator,"2020-12-12 :07:11:09",false,2,0,"Commond on",,0
35.0,1,HumidifierActuator,"2020-12-12 :07:11:14",false,2,0,"Commond on",,0
35.0,1,HumidifierActuator,"2020-12-12 :07:11:19",false,2,0,"Commond on",,0
35.0,1,HumidifierActuator,"2020-12-12 :07:11:24",false,2,0,"Commond on",,0
35.0,1,HumidifierActuator,"2020-12-12 :07:11:29",false,2,0,"Commond on",,0
35.0,1,HumidifierActuator,"2020-12-12 :07:11:34",false,2,0,"Commond on",,0
35.0,1,HumidifierActuator,"2020-12-12 :07:11:39",false,2,0,"Commond on",,0
35.0,1,HumidifierActuator,"2020-12-12 :07:11:44",false,2,0,"Commond on",,0
35.0,1,HumidifierActuator,"2020-12-12 :07:11:49",false,2,0,"Commond on",,0
35.0,1,HumidifierActuator,"2020-12-12 :07:11:54",false,2,0,"Commond on",,0
35.0,1,HumidifierActuator,"2020-12-12 :07:11:59",false,2,0,"Commond on",,0
35.0,1,HumidifierActuator,"2020-12-12 :07:12:04",false,2,0,"Commond on",,0
35.0,1,HumidifierActuator,"2020-12-12 :07:12:09",false,2,0,"Commond on",,0
35.0,1,HumidifierActuator,"2020-12-12 :07:12:14",false,2,0,"Commond on",,0
35.0,1,HumidifierActuator,"2020-12-12 :07:12:19",false,2,0,"Commond on",,0
35.0,1,HumidifierActuator,"2020-12-12 :07:12:24",false,2,0,"Commond on",,0
35.0,1,HumidifierActuator,"2020-12-12 :07:12:29",false,2,0,"Commond on",,0
35.0,1,HumidifierActuator,"2020-12-12 :07:12:34",false,2,0,"Commond on",,0
35.0,1,HumidifierActuator,"2020-12-12 :07:12:39",false,2,0,"Commond on",,0
35.0,1,HumidifierActuator,"2020-12-12 :07:12:44",false,2,0,"Commond on",,0
35.0,1,HumidifierActuator,"2020-12-12 :07:12:49",false,2,0,"Commond on",,0
35.0,1,HumidifierActuator,"2020-12-12 :07:12:54",false,2,0,"Commond on",,0
35.0,1,HumidifierActuator,"2020-12-12 :07:12:59",false,2,0,"Commond on",,0
35.0,1,HumidifierActuator,"2020-12-12 :07:13:04",false,2,0,"Commond on",,0
35.0,1,HumidifierActuator,"2020-12-12 :07:13:09",false,2,0,"Commond on",,0
35.0,1,HumidifierActuator,"2020-12-12 :07:13:14",false,2,0,"Commond on",,0
35.0,1,HumidifierActuator,"2020-12-12 :07:13:19",false,2,0,"Commond on",,0
35.0,1,HumidifierActuator,"2020-12-12 :07:13:24",false,2,0,"Commond on",,0
35.0,1,HumidifierActuator,"2020-12-12 :07:13:29",false,2,0,"Commond on",,0
35.0,1,HumidifierActuator,"2020-12-12 :07:13:34",false,2,0,"Commond on",,0
35.0,1,HumidifierActuator,"2020-12-12 :07:13:39",false,2,0,"Commond on",,0
35.0,1,HumidifierActuator,"2020-12-12 :07:13:44",false,2,0,"Commond on",,0
35.0,1,HumidifierActuator,"2020-12-12 :07:13:49",false,2,0,"Commond on",,0
35.0,1,HumidifierActuator,"2020-12-12 :07:13:54",false,2,0,"Commond on",,0
35.0,1,HumidifierActuator,"2020-12-12 :07:13:59",false,2,0,"Commond on",,0
35.0,1,HumidifierActuator,"2020-12-12 :07:14:04",false,2,0,"Commond on",,0
35.0,1,HumidifierActuator,"2020-12-12 :07:14:09",false,2,0,"Commond on",,0
35.0,1,HumidifierActuator,"2020-12-12 :07:14:14",false,2,0,"Commond on",,0
35.0,1,HumidifierActuator,"2020-12-12 :07:14:19",false,2,0,"Commond on",,0
35.0,1,HumidifierActuator,"2020-12-12 :07:14:24",false,2,0,"Commond on",,0
35.0,1,HumidifierActuator,"2020-12-12 :07:14:29",false,2,0,"Commond on",,0
35.0,1,HumidifierActuator,"2020-12-12 :07:14:34",false,2,0,"Commond on",,0
35.0,1,HumidifierActuator,"2020-12-12 :07:14:39",false,2,0,"Commond on",,0
35.0,1,HumidifierActuator,"2020-12-12 :07:14:44",false,2,0,"Commond on",,0
35.0,1,HumidifierActuator,"2020-12-12 :07:14:49",false,2,0,"Commond on",,0
35.0,1,HumidifierActuator,"2020-12-12 :07:14:54",false,2,0,"Commond on",,0
35.0,1,HumidifierActuator,"2020-12-12 :07:14:59",false,2,0,"Commond on",,0
35.0,1,HumidifierActuator,"2020-12-12 :07:15:04",false,2,0,"Commond on",,0
35.0,1,HumidifierActuator,"2020-12-12 :07:15:09",false,2,0,"Commond on",,0
35.0,1,HumidifierActuator,"2020-12-12 :07:15:14",false,2,0,"Commond on",,0
35.0,1,HumidifierActuator,"2020-12-12 :07:15:19",false,2,0,"Commond on",,0
35.0,1,HumidifierActuator,"2020-12-12 :07:15:24",false,2,0,"Commond on",,0
35.0,1,HumidifierActuator,"2020-12-12 :07:15:29",false,2,0,"Commond on",,0
35.0,1,HumidifierActuator,"2020-12-12 :07:15:34",false,2,0,"Commond on",,0
35.0,1,HumidifierActuator,"2020-12-12 :07:15:39",false,2,0,"Commond on",,0
35.0,1,HumidifierActuator,"2020-12-12 :07:15:44",false,2,0,"Commond on",,0
35.0,1,HumidifierActuator,"2020-12-12 :07:15:49",false,2,0,"Commond on",,0
35.0,1,HumidifierActuator,"2020-12-12 :07:15:54",false,2,0,"Commond on",,0
35.0,1,HumidifierActuator,"2020-12-12 :07:15:59",false,2,0,"Commond on",,0
35.0,1,HumidifierActuator,"2020-12-12 :07:16:04",false,2,0,"Commond on",,0
35.0,1,HumidifierActuator,"2020-12-12 :07:16:09",false,2,0,"Commond on",,0
35.0,1,HumidifierActuator,"2020-12-12 :07:16:14",false,2,0,"Commond on",,0
35.0,1,HumidifierActuator,"2020-12-12 :07:16:19",false,2,0,"Commond on",,0
35.0,1,HumidifierActuator,"2020-12-12 :07:16:24",false,2,0,"Commond on",,0
35.0,1,HumidifierActuator,"2020-12-12 :07:16:29",false,2,0,"Commond on",,0
35.0,1,HumidifierActuator,"2020-12-12 :07:16:34",false,2,0,"Commond on",,0
35.0,1,HumidifierActuator,"2020-12-12 :07:16:39",false,2,0,"Commond on",,0
35.0,1,HumidifierActuator,"2020-12-12 :07:16:44",false,2,0,"Commond on",,0
35.0,1,HumidifierActuator,"2020-12-12 :07:16:49",false,2,0,"Commond on",,0
35.0,1,HumidifierActuator,"2020-12-12 :07:16:54",false,2,0,"Commond on",,0
35.0,1,HumidifierActuator,"2020-12-12 :07:16:59",false,2,0,"Commond on",,0
35.0,1,HumidifierActuator,"2020-12-12 :07:17:04",false,2,0,"Commond on",,0
35.0,1,HumidifierActuator,"2020-12-12 :07:17:09",false,2,0,"Commond on",,0
35.0,1,HumidifierActuator,"2020-12-12 :07:17:14",false,2,0,"Commond on",,0
35.0,1,HumidifierActuator,"2020-12-12 :07:17:19",false,2,0,"Commond on",,0
35.0,1,HumidifierActuator,"2020-12-12 :07:17:24",false,2,0,"Commond on",,0
35.0,1,HumidifierActuator,"2020-12-12 :07:17:29",false,2,0,"Commond on",,0
35.0,1,HumidifierActuator,"2020-12-12 :07:17:34",false,2,0,"Commond on",,0
35.0,1,HumidifierActuator,"2020-12-12 :07:17:39",false,2,0,"Commond on",,0
35.0,1,HumidifierActuator,"2020-12-12 :07:17:44",false,2,0,"Commond on",,0
35.0,1,HumidifierActuator,"2020-12-12 :07:17:49",false,2,0,"Commond on",,0
35.0,1,HumidifierActuator,"2020-12-12 :07:17:54",false,2,0,"Commond on",,0
35.0,1,HumidifierActuator,"2020-12-12 :07:17:59",false,2,0,"Commond on",,0
35.0,1,HumidifierActuator,"2020-12-12 :07:18:04",false,2,0,"Commond on",,0
35.0,1,HumidifierActuator,"2020-12-12 :07:18:09",false,2,0,"Commond on",,0
35.0,1,HumidifierActuator,"2020-12-12 :07:18:14",false,2,0,"Commond on",,0
35.0,1,HumidifierActuator,"2020-12-12 :07:18:19",false,2,0,"Commond on",,0
35.0,1,HumidifierActuator,"2020-12-12 :07:18:24",false,2,0,"Commond on",,0
35.0,1,HumidifierActuator,"2020-12-12 :07:18:29",false,2,0,"Commond on",,0
35.0,1,HumidifierActuator,"2020-12-12 :07:18:34",false,2,0,"Commond on",,0
35.0,1,HumidifierActuator,"2020-12-12 :07:18:39",false,2,0,"Commond on",,0
35.0,1,HumidifierActuator,"2020-12-12 :07:18:44",false,2,0,"Commond on",,0
35.0,1,HumidifierActuator,"2020-12-12 :07:18:49",false,2,0,"Commond on",,0
35.0,1,HumidifierActuator,"2020-12-12 :07:18:54",false,2,0,"Commond on",,0
35.0,1,HumidifierActuator,"2020-12-12 :07:18:59",false,2,0,"Commond on",,0
35.0,1,HumidifierActuator,"2020-12-12 :07:19:04",false,2,0,"Commond on",,0
35.0,1,HumidifierActuator,"2020-12-12 :07:19:09",false,2,0,"Commond on",,0
35.0,1,HumidifierActuator,"2020-12-12 :07:19:14",false,2,0,"Commond on",,0
35.0,1,HumidifierActuator,"2020-12-12 :07:19:19",false,2,0,"Commond on",,0
35.0,1,HumidifierActuator,"2020-12-12 :07:19:24",false,2,0,"Commond on",,0
35.0,1,HumidifierActuator,"2020-12-12 :07:19:29",false,2,0,"Commond on",,0
35.0,1,HumidifierActuator,"2020-12-12 :07:19:34",false,2,0,"Commond on",,0
35.0,1,HumidifierActuator,"2020-12-12 :07:19:39",false,2,0,"Commond on",,0
35.0,1,HumidifierActuator,"2020-12-12 :07:19:44",false,2,0,"Commond on",,0
35.0,1,HumidifierActuator,"2020-12-12 :07:19:49",false,2,0,"Commond on",,0
35.0,1,HumidifierActuator,"2020-12-12 :07:19:54",false,2,0,"Commond on",,0
35.0,1,HumidifierActuator,"2020-12-12 :07:19:59",false,2,0,"Commond on",,0
35.0,1,HumidifierActuator,"2020-12-12 :07:20:04",false,2,0,"Commond on",,0
35.0,1,HumidifierActuator,"2020-12-12 :07:20:09",false,2,0,"Commond on",,0
35.0,1,HumidifierActuator,"2020-12-12 :07:20:14",false,2,0,"Commond on",,0
35.0,1,HumidifierActuator,"2020-12-12 :07:20:19",false,2,0,"Commond on",,0
35.0,1,HumidifierActuator,"2020-12-12 :07:20:24",false,2,0,"Commond on",,0
35.0,1,HumidifierActuator,"2020-12-12 :07:20:29",false,2,0,"Commond on",,0
35.0,1,HumidifierActuator,"2020-12-12 :07:20:34",false,2,0,"Commond on",,0
35.0,1,HumidifierActuator,"2020-12-12 :07:20:39",false,2,0,"Commond on",,0
35.0,1,HumidifierActuator,"2020-12-12 :07:20:44",false,2,0,"Commond on",,0
35.0,1,HumidifierActuator,"2020-12-12 :07:20:49",false,2,0,"Commond on",,0
35.0,1,HumidifierActuator,"2020-12-12 :07:20:54",false,2,0,"Commond on",,0
35.0,1,HumidifierActuator,"2020-12-12 :07:20:59",false,2,0,"Commond on",,0
35.0,1,HumidifierActuator,"2020-12-12 :07:21:04",false,2,0,"Commond on",,0
35.0,1,HumidifierActuator,"2020-12-12 :07:21:09",false,2,0,"Commond on",,0
35.0,1,HumidifierActuator,"2020-12-12 :07:21:14",false,2,0,"Commond on",,0
35.0,1,HumidifierActuator,"2020-12-12 :07:21:19",false,2,0,"Commond on",,0
35.0,1,HumidifierActuator,"2020-12-12 :07:21:24",false,2,0,"Commond on",,0
35.0,1,HumidifierActuator,"2020-12-12 :07:21:29",false,2,0,"Commond on",,0
35.0,1,HumidifierActuator,"2020-12-12 :07:21:34",false,2,0,"Commond on",,0
35.0,1,HumidifierActuator,"2020-12-12 :07:21:39",false,2,0,"Commond on",,0
35.0,1,HumidifierActuator,"2020-12-12 :07:21:44",false,2,0,"Commond on",,0
35.0,1,HumidifierActuator,"2020-12-12 :07:21:49",false,2,0,"Commond on",,0
35.0,1,HumidifierActuator,"2020-12-12 :07:21:54",false,2,0,"Commond on",,0
35.0,1,HumidifierActuator,"2020-12-12 :07:21:59",false,2,0,"Commond on",,0
35.0,1,HumidifierActuator,"2020-12-12 :07:22:04",false,2,0,"Commond on",,0
35.0,1,HumidifierActuator,"2020-12-12 :07:22:09",false,2,0,"Commond on",,0
35.0,1,HumidifierActuator,"2020-12-12 :07:22:14",false,2,0,"Commond on",,0
35.0,1,HumidifierActuator,"2020-12-12 :07:22:19",false,2,0,"Commond on",,0
35.0,1,HumidifierActuator,"2020-12-12 :07:22:24",false,2,0,"Commond on",,0
35.0,1,HumidifierActuator,"2020-12-12 :07:22:29",false,2,0,"Commond on",,0
35.0,1,HumidifierActuator,"2020-12-12 :07:22:34",false,2,0,"Commond on",,0
35.0,1,HumidifierActuator,"2020-12-12 :07:22:39",false,2,0,"Commond on",,0
35.0,1,HumidifierActuator,"2020-12-12 :07:22:44",false,2,0,"Commond on",,0
35.0,1,HumidifierActuator,"2020-12-12 :07:22:49",false,2,0,"Commond on",,0
35.0,1,HumidifierActuator,"2020-12-12 :07:22:54",false,2,0,"Commond on",,0
35.0,1,HumidifierActuator,"2020-12-12 :07:22:59",false,2,0,"Commond on",,0
35.0,1,HumidifierActuator,"2020-12-12 :07:23:04",false,2,0,"Commond on",,0
35.0,1,HumidifierActuator,"2020-12-12 :07:23:09",false,2,0,"Commond on",,0
35.0,1,HumidifierActuator,"2020-12-12 :07:23:14",false,2,0,"Commond on",,0
35.0,1,HumidifierActuator,"2020-12-12 :07:23:19",false,2,0,"Commond on",,0
35.0,1,HumidifierActuator,"2020-12-12 :07:23:24",false,2,0,"Commond on",,0
35.0,1,HumidifierActuator,"2020-12-12 :07:23:29",false,2,0,"Commond on",,0
35.0,1,HumidifierActuator,"2020-12-12 :07:23:34",false,2,0,"Commond on",,0
35.0,1,HumidifierActuator,"2020-12-12 :07:23:39",false,2,0,"Commond on",,0
35.0,1,HumidifierActuator,"2020-12-12 :07:23:44",false,2,0,"Commond on",,0
35.0,1,HumidifierActuator,"2020-12-12 :07:23:49",false,2,0,"Commond on",,0
35.0,1,HumidifierActuator,"2020-12-12 :07:23:54",false,2,0,"Commond on",,0
35.0,1,HumidifierActuator,"2020-12-12 :07:23:59",false,2,0,"Commond on",,0
35.0,1,HumidifierActuator,"2020-12-12 :07:24:04",false,2,0,"Commond on",,0
35.0,1,HumidifierActuator,"2020-12-12 :07:24:09",false,2,0,"Commond on",,0
35.0,1,HumidifierActuator,"2020-12-12 :07:24:14",false,2,0,"Commond on",,0
35.0,1,HumidifierActuator,"2020-12-12 :07:24:19",false,2,0,"Commond on",,0
35.0,1,HumidifierActuator,"2020-12-12 :07:24:24",false,2,0,"Commond on",,0
35.0,1,HumidifierActuator,"2020-12-12 :07:24:29",false,2,0,"Commond on",,0
35.0,1,HumidifierActuator,"2020-12-12 :07:24:34",false,2,0,"Commond on",,0
35.0,1,HumidifierActuator,"2020-12-12 :07:24:39",false,2,0,"Commond on",,0
35.0,1,HumidifierActuator,"2020-12-12 :07:24:44",false,2,0,"Commond on",,0
35.0,1,HumidifierActuator,"2020-12-12 :07:24:49",false,2,0,"Commond on",,0
35.0,1,HumidifierActuator,"2020-12-12 :07:24:54",false,2,0,"Commond on",,0
35.0,1,HumidifierActuator,"2020-12-12 :07:24:59",false,2,0,"Commond on",,0
35.0,1,HumidifierActuator,"2020-12-12 :07:25:04",false,2,0,"Commond on",,0
35.0,1,HumidifierActuator,"2020-12-12 :07:25:09",false,2,0,"Commond on",,0
35.0,1,HumidifierActuator,"2020-12-12 :07:25:14",false,2,0,"Commond on",,0
35.0,1,HumidifierActuator,"2020-12-12 :07:25:19",false,2,0,"Commond on",,0
35.0,1,HumidifierActuator,"2020-12-12 :07:25:24",false,2,0,"Commond on",,0
35.0,1,HumidifierActuator,"2020-12-12 :07:25:29",false,2,0,"Commond on",,0
35.0,1,HumidifierActuator,"2020-12-12 :07:25:34",false,2,0,"Commond on",,0
35.0,1,HumidifierActuator,"2020-12-12 :07:25:39",false,2,0,"Commond on",,0
35.0,1,HumidifierActuator,"2020-12-12 :07:25:44",false,2,0,"Commond on",,0
35.0,1,HumidifierActuator,"2020-12-12 :07:25:49",false,2,0,"Commond on",,0
35.0,1,HumidifierActuator,"2020-12-12 :07:25:54",false,2,0,"Commond on",,0
35.0,1,HumidifierActuator,"2020-12-12 :07:25:59",false,2,0,"Commond on",,0
35.0,1,HumidifierActuator,"2020-12-12 :07:26:04",false,2,0,"Commond on",,0
35.0,1,HumidifierActuator,"2020-12-12 :07:26:09",false,2,0,"Commond on",,0
35.0,1,HumidifierActuator,"2020-12-12 :07:26:14",false,2,0,"Commond on",,0
35.0,1,HumidifierActuator,"2020-12-12 :07:26:19",false,2,0,"Commond on",,0
35.0,1,HumidifierActuator,"2020-12-12 :07:26:24",false,2,0,"Commond on",,0
35.0,1,HumidifierActuator,"2020-12-12 :07:26:29",false,2,0,"Commond on",,0
35.0,1,HumidifierActuator,"2020-12-12 :07:26:34",false,2,0,"Commond on",,0
35.0,1,HumidifierActuator,"2020-12-12 :07:26:39",false,2,0,"Commond on",,0
35.0,1,HumidifierActuator,"2020-12-12 :07:26:44",false,2,0,"Commond on",,0
35.0,1,HumidifierActuator,"2020-12-12 :07:26:49",false,2,0,"Commond on",,0
35.0,1,HumidifierActuator,"2020-12-12 :07:26:54",false,2,0,"Commond on",,0
35.0,1,HumidifierActuator,"2020-12-12 :07:26:59",false,2,0,"Commond on",,0
35.0,1,HumidifierActuator,"2020-12-12 :07:27:04",false,2,0,"Commond on",,0
35.0,1,HumidifierActuator,"2020-12-12 :07:27:09",false,2,0,"Commond on",,0
35.0,1,HumidifierActuator,"2020-12-12 :07:27:14",false,2,0,"Commond on",,0
35.0,1,HumidifierActuator,"2020-12-12 :07:27:19",false,2,0,"Commond on",,0
35.0,1,HumidifierActuator,"2020-12-12 :07:27:24",false,2,0,"Commond on",,0
35.0,1,HumidifierActuator,"2020-12-12 :07:27:29",false,2,0,"Commond on",,0
35.0,1,HumidifierActuator,"2020-12-12 :07:27:34",false,2,0,"Commond on",,0
35.0,1,HumidifierActuator,"2020-12-12 :07:27:39",false,2,0,"Commond on",,0
35.0,1,HumidifierActuator,"2020-12-12 :07:27:44",false,2,0,"Commond on",,0
35.0,1,HumidifierActuator,"2020-12-12 :07:27:49",false,2,0,"Commond on",,0
35.0,1,HumidifierActuator,"2020-12-12 :07:27:54",false,2,0,"Commond on",,0
35.0,1,HumidifierActuator,"2020-12-12 :07:27:59",false,2,0,"Commond on",,0
35.0,1,HumidifierActuator,"2020-12-12 :07:28:04",false,2,0,"Commond on",,0
35.0,1,HumidifierActuator,"2020-12-12 :07:28:09",false,2,0,"Commond on",,0
35.0,1,HumidifierActuator,"2020-12-12 :07:28:14",false,2,0,"Commond on",,0
35.0,1,HumidifierActuator,"2020-12-12 :07:28:19",false,2,0,"Commond on",,0
35.0,1,HumidifierActuator,"2020-12-12 :07:28:24",false,2,0,"Commond on",,0
35.0,1,HumidifierActuator,"2020-12-12 :07:28:29",false,2,0,"Commond on",,0
35.0,1,HumidifierActuator,"2020-12-12 :07:28:34",false,2,0,"Commond on",,0
35.0,1,HumidifierActuator,"2020-12-12 :07:28:39",false,2,0,"Commond on",,0
35.0,1,HumidifierActuator,"2020-12-12 :07:28:44",false,2,0,"Commond on",,0
35.0,1,HumidifierActuator,"2020-12-12 :07:28:49",false,2,0,"Commond on",,0
35.0,1,HumidifierActuator,"2020-12-12 :07:28:54",false,2,0,"Commond on",,0
35.0,1,HumidifierActuator,"2020-12-12 :07:28:59",false,2,0,"Commond on",,0
35.0,1,HumidifierActuator,"2020-12-12 :07:29:04",false,2,0,"Commond on",,0
35.0,1,HumidifierActuator,"2020-12-12 :07:29:09",false,2,0,"Commond on",,0
35.0,1,HumidifierActuator,"2020-12-12 :07:29:14",false,2,0,"Commond on",,0
35.0,1,HumidifierActuator,"2020-12-12 :07:29:19",false,2,0,"Commond on",,0
35.0,1,HumidifierActuator,"2020-12-12 :07:29:24",false,2,0,"Commond on",,0
35.0,1,HumidifierActuator,"2020-12-12 :07:29:29",false,2,0,"Commond on",,0
35.0,1,HumidifierActuator,"2020-12-12 :07:29:34",false,2,0,"Commond on",,0
35.0,1,HumidifierActuator,"2020-12-12 :07:29:39",false,2,0,"Commond on",,0
35.0,1,HumidifierActuator,"2020-12-12 :07:29:44",false,2,0,"Commond on",,0
35.0,1,HumidifierActuator,"2020-12-12 :07:29:49",false,2,0,"Commond on",,0
35.0,1,HumidifierActuator,"2020-12-12 :07:29:54",false,2,0,"Commond on",,0
35.0,1,HumidifierActuator,"2020-12-12 :07:29:59",false,2,0,"Commond on",,0
35.0,1,HumidifierActuator,"2020-12-12 :07:30:04",false,2,0,"Commond on",,0
35.0,1,HumidifierActuator,"2020-12-12 :07:30:09",false,2,0,"Commond on",,0
35.0,1,HumidifierActuator,"2020-12-12 :07:30:14",false,2,0,"Commond on",,0
35.0,1,HumidifierActuator,"2020-12-12 :07:30:19",false,2,0,"Commond on",,0
35.0,1,HumidifierActuator,"2020-12-12 :07:30:24",false,2,0,"Commond on",,0
35.0,1,HumidifierActuator,"2020-12-12 :07:30:29",false,2,0,"Commond on",,0
35.0,1,HumidifierActuator,"2020-12-12 :07:30:34",false,2,0,"Commond on",,0
35.0,1,HumidifierActuator,"2020-12-12 :07:30:39",false,2,0,"Commond on",,0
35.0,1,HumidifierActuator,"2020-12-12 :07:30:44",false,2,0,"Commond on",,0
35.0,1,HumidifierActuator,"2020-12-12 :07:30:49",false,2,0,"Commond on",,0
35.0,1,HumidifierActuator,"2020-12-12 :07:30:54",false,2,0,"Commond on",,0
35.0,1,HumidifierActuator,"2020-12-12 :07:30:59",false,2,0,"Commond on",,0
35.0,1,HumidifierActuator,"2020-12-12 :07:31:04",false,2,0,"Commond on",,0
35.0,1,HumidifierActuator,"2020-12-12 :07:31:09",false,2,0,"Commond on",,0
35.0,1,HumidifierActuator,"2020-12-12 :07:31:14",false,2,0,"Commond on",,0
35.0,1,HumidifierActuator,"2020-12-12 :07:31:19",false,2,0,"Commond on",,0
35.0,1,HumidifierActuator,"2020-12-12 :07:31:24",false,2,0,"Commond on",,0
35.0,1,HumidifierActuator,"2020-12-12 :07:31:29",false,2,0,"Commond on",,0
35.0,1,HumidifierActuator,"2020-12-12 :07:31:34",false,2,0,"Commond on",,0
35.0,1,HumidifierActuator,"2020-12-12 :07:31:39",false,2,0,"Commond on",,0
35.0,1,HumidifierActuator,"2020-12-12 :07:31:44",false,2,0,"Commond on",,0
35.0,1,HumidifierActuator,"2020-12-12 :07:31:49",false,2,0,"Commond on",,0
35.0,1,HumidifierActuator,"2020-12-12 :07:31:54",false,2,0,"Commond on",,0
35.0,1,HumidifierActuator,"2020-12-12 :07:31:59",false,2,0,"Commond on",,0
35.0,1,HumidifierActuator,"2020-12-12 :07:32:04",false,2,0,"Commond on",,0
35.0,1,HumidifierActuator,"2020-12-12 :07:32:09",false,2,0,"Commond on",,0
35.0,1,HumidifierActuator,"2020-12-12 :07:32:14",false,2,0,"Commond on",,0
35.0,1,HumidifierActuator,"2020-12-12 :07:32:19",false,2,0,"Commond on",,0
35.0,1,HumidifierActuator,"2020-12-12 :07:32:24",false,2,0,"Commond on",,0
35.0,1,HumidifierActuator,"2020-12-12 :07:32:29",false,2,0,"Commond on",,0
35.0,1,HumidifierActuator,"2020-12-12 :07:32:34",false,2,0,"Commond on",,0
35.0,1,HumidifierActuator,"2020-12-12 :07:32:39",false,2,0,"Commond on",,0
35.0,1,HumidifierActuator,"2020-12-12 :07:32:44",false,2,0,"Commond on",,0
35.0,1,HumidifierActuator,"2020-12-12 :07:32:49",false,2,0,"Commond on",,0
35.0,1,HumidifierActuator,"2020-12-12 :07:32:54",false,2,0,"Commond on",,0
35.0,1,HumidifierActuator,"2020-12-12 :07:32:59",false,2,0,"Commond on",,0
35.0,1,HumidifierActuator,"2020-12-12 :07:33:04",false,2,0,"Commond on",,0
35.0,1,HumidifierActuator,"2020-12-12 :07:33:09",false,2,0,"Commond on",,0
35.0,1,HumidifierActuator,"2020-12-12 :07:33:14",false,2,0,"Commond on",,0
35.0,1,HumidifierActuator,"2020-12-12 :07:33:19",false,2,0,"Commond on",,0
35.0,1,HumidifierActuator,"2020-12-12 :07:33:24",false,2,0,"Commond on",,0
35.0,1,HumidifierActuator,"2020-12-12 :07:33:29",false,2,0,"Commond on",,0
35.0,1,HumidifierActuator,"2020-12-12 :07:33:34",false,2,0,"Commond on",,0
35.0,1,HumidifierActuator,"2020-12-12 :07:33:39",false,2,0,"Commond on",,0
35.0,1,HumidifierActuator,"2020-12-12 :07:33:44",false,2,0,"Commond on",,0
35.0,1,HumidifierActuator,"2020-12-12 :07:33:49",false,2,0,"Commond on",,0
35.0,1,HumidifierActuator,"2020-12-12 :07:33:54",false,2,0,"Commond on",,0
35.0,1,HumidifierActuator,"2020-12-12 :07:33:59",false,2,0,"Commond on",,0
35.0,1,HumidifierActuator,"2020-12-12 :07:34:04",false,2,0,"Commond on",,0
35.0,1,HumidifierActuator,"2020-12-12 :07:34:09",false,2,0,"Commond on",,0
35.0,1,HumidifierActuator,"2020-12-12 :07:34:14",false,2,0,"Commond on",,0
35.0,1,HumidifierActuator,"2020-12-12 :07:34:19",false,2,0,"Commond on",,0
35.0,1,HumidifierActuator,"2020-12-12 :07:34:24",false,2,0,"Commond on",,0
35.0,1,HumidifierActuator,"2020-12-12 :07:34:29",false,2,0,"Commond on",,0
35.0,1,HumidifierActuator,"2020-12-12 :07:34:34",false,2,0,"Commond on",,0
35.0,1,HumidifierActuator,"2020-12-12 :07:34:39",false,2,0,"Commond on",,0
35.0,1,HumidifierActuator,"2020-12-12 :07:34:44",false,2,0,"Commond on",,0
35.0,1,HumidifierActuator,"2020-12-12 :07:34:49",false,2,0,"Commond on",,0
35.0,1,HumidifierActuator,"2020-12-12 :07:34:54",false,2,0,"Commond on",,0
35.0,1,HumidifierActuator,"2020-12-12 :07:34:59",false,2,0,"Commond on",,0
35.0,1,HumidifierActuator,"2020-12-12 :07:35:04",false,2,0,"Commond on",,0
35.0,1,HumidifierActuator,"2020-12-12 :07:35:09",false,2,0,"Commond on",,0
35.0,1,HumidifierActuator,"2020-12-12 :07:35:14",false,2,0,"Commond on",,0
35.0,1,HumidifierActuator,"2020-12-12 :07:35:19",false,2,0,"Commond on",,0
35.0,1,HumidifierActuator,"2020-12-12 :07:35:24",false,2,0,"Commond on",,0
35.0,1,HumidifierActuator,"2020-12-12 :07:35:29",false,2,0,"Commond on",,0
35.0,1,HumidifierActuator,"2020-12-12 :07:35:34",false,2,0,"Commond on",,0
35.0,1,HumidifierActuator,"2020-12-12 :07:35:39",false,2,0,"Commond on",,0
35.0,1,HumidifierActuator,"2020-12-12 :07:35:44",false,2,0,"Commond on",,0
35.0,1,HumidifierActuator,"2020-12-12 :07:35:49",false,2,0,"Commond on",,0
35.0,1,HumidifierActuator,"2020-12-12 :07:35:54",false,2,0,"Commond on",,0
35.0,1,HumidifierActuator,"2020-12-12 :07:35:59",false,2,0,"Commond on",,0
35.0,1,HumidifierActuator,"2020-12-12 :07:36:04",false,2,0,"Commond on",,0
35.0,1,HumidifierActuator,"2020-12-12 :07:36:09",false,2,0,"Commond on",,0
35.0,1,HumidifierActuator,"2020-12-12 :07:36:14",false,2,0,"Commond on",,0
35.0,1,HumidifierActuator,"2020-12-12 :07:36:19",false,2,0,"Commond on",,0
35.0,1,HumidifierActuator,"2020-12-12 :07:36:24",false,2,0,"Commond on",,0
35.0,1,HumidifierActuator,"2020-12-12 :07:36:29",false,2,0,"Commond on",,0
35.0,1,HumidifierActuator,"2020-12-12 :07:36:34",false,2,0,"Commond on",,0
35.0,1,HumidifierActuator,"2020-12-12 :07:36:39",false,2,0,"Commond on",,0
35.0,1,HumidifierActuator,"2020-12-12 :07:36:44",false,2,0,"Commond on",,0
35.0,1,HumidifierActuator,"2020-12-12 :07:36:49",false,2,0,"Commond on",,0
35.0,1,HumidifierActuator,"2020-12-12 :07:36:54",false,2,0,"Commond on",,0
35.0,1,HumidifierActuator,"2020-12-12 :07:36:59",false,2,0,"Commond on",,0
35.0,1,HumidifierActuator,"2020-12-12 :07:37:04",false,2,0,"Commond on",,0
35.0,1,HumidifierActuator,"2020-12-12 :07:37:09",false,2,0,"Commond on",,0
35.0,1,HumidifierActuator,"2020-12-12 :07:37:14",false,2,0,"Commond on",,0
35.0,1,HumidifierActuator,"2020-12-12 :07:37:19",false,2,0,"Commond on",,0
35.0,1,HumidifierActuator,"2020-12-12 :07:37:24",false,2,0,"Commond on",,0
35.0,1,HumidifierActuator,"2020-12-12 :07:37:29",false,2,0,"Commond on",,0
35.0,1,HumidifierActuator,"2020-12-12 :07:37:34",false,2,0,"Commond on",,0
35.0,1,HumidifierActuator,"2020-12-12 :07:37:39",false,2,0,"Commond on",,0
35.0,1,HumidifierActuator,"2020-12-12 :07:37:44",false,2,0,"Commond on",,0
35.0,1,HumidifierActuator,"2020-12-12 :07:37:49",false,2,0,"Commond on",,0
35.0,1,HumidifierActuator,"2020-12-12 :07:37:54",false,2,0,"Commond on",,0
35.0,1,HumidifierActuator,"2020-12-12 :07:37:59",false,2,0,"Commond on",,0
35.0,1,HumidifierActuator,"2020-12-12 :07:38:04",false,2,0,"Commond on",,0
35.0,1,HumidifierActuator,"2020-12-12 :07:38:09",false,2,0,"Commond on",,0
35.0,1,HumidifierActuator,"2020-12-12 :07:38:14",false,2,0,"Commond on",,0
35.0,1,HumidifierActuator,"2020-12-12 :07:38:19",false,2,0,"Commond on",,0
35.0,1,HumidifierActuator,"2020-12-12 :07:38:24",false,2,0,"Commond on",,0
35.0,1,HumidifierActuator,"2020-12-12 :07:38:29",false,2,0,"Commond on",,0
35.0,1,HumidifierActuator,"2020-12-12 :07:38:34",false,2,0,"Commond on",,0
35.0,1,HumidifierActuator,"2020-12-12 :07:38:39",false,2,0,"Commond on",,0
35.0,1,HumidifierActuator,"2020-12-12 :07:38:44",false,2,0,"Commond on",,0
35.0,1,HumidifierActuator,"2020-12-12 :07:38:49",false,2,0,"Commond on",,0
35.0,1,HumidifierActuator,"2020-12-12 :07:38:54",false,2,0,"Commond on",,0
